<protocol>
<name>theproto</name>
<layer>2</layer>
<fields>
<field>
<name>src_mac (opt)</name>
<offset>0</offset>
<length>48</length>
<defaultvalue>00:17:f2:4d:45:bd</defaultvalue>
<choices>
</choices>
</field>
<field>
<name>dst_mac</name>
<offset>6</offset>
<length>48</length>
<defaultvalue>00:17:f2:4d:45:bd</defaultvalue>
<choices>
</choices>
</field>
<field>
<name>proto</name>
<offset>12</offset>
<length>16</length>
<defaultvalue>800</defaultvalue>
<choices>
</choices>
</field>
</fields>
<encapsulation>
<nextproto>IP</nextproto>
<nextproto>ARP</nextproto>
</encapsulation>
</protocol>