<protocol>
<name>IP</name>
<layer>3</layer>
<fields>
<field>
<name>Version</name>
<offset>0</offset>
<length>4</length>
<defaultvalue>0</defaultvalue>
<choices>
<choice>
<name>reserved</name>
<value>0</value>
</choice>
<choice>
<name>IP</name>
<value>4</value>
</choice>
<choice>
<name>ST</name>
<value>5</value>
</choice>
<choice>
<name>SIP,SIPP,IPv6</name>
<value>6</value>
</choice>
<choice>
<name>TP/IX</name>
<value>7</value>
</choice>
<choice>
<name>PIP</name>
<value>8</value>
</choice>
<choice>
<name>TUBA</name>
<value>9</value>
</choice>
<choice>
<name>reserved</name>
<value>15</value>
</choice>
</choices>
</field>
<field>
<name>IHL (Header Length)</name>
<offset>4</offset>
<length>4</length>
<defaultvalue>0</defaultvalue>
<choices>
</choices>
</field>
<field>
<name>Precedence</name>
<offset>8</offset>
<length>3</length>
<defaultvalue>0</defaultvalue>
<choices>
<choice>
<name>Routine</name>
<value>0</value>
</choice>
<choice>
<name>Priority</name>
<value>1</value>
</choice>
<choice>
<name>Immediate</name>
<value>2</value>
</choice>
<choice>
<name>Flash</name>
<value>3</value>
</choice>
<choice>
<name>Flash override</name>
<value>4</value>
</choice>
<choice>
<name>CRITIC/ECP</name>
<value>5</value>
</choice>
<choice>
<name>Internetwork control</name>
<value>6</value>
</choice>
<choice>
<name>Network control</name>
<value>7</value>
</choice>
</choices>
</field>
<field>
<name>D</name>
<offset>8</offset>
<length>1</length>
<defaultvalue>0</defaultvalue>
<choices>
</choices>
</field>
<field>
<name>T</name>
<offset>13</offset>
<length>1</length>
<defaultvalue>0</defaultvalue>
<choices>
</choices>
</field>
<field>
<name>R</name>
<offset>14</offset>
<length>1</length>
<defaultvalue>0</defaultvalue>
<choices>
</choices>
</field>
<field>
<name>M</name>
<offset>15</offset>
<length>1</length>
<defaultvalue>0</defaultvalue>
<choices>
</choices>
</field>
<field>
<name>0</name>
<offset>15</offset>
<length>1</length>
<defaultvalue>0</defaultvalue>
<choices>
</choices>
</field>
<field>
<name>Total length</name>
<offset>16</offset>
<length>16</length>
<defaultvalue>0</defaultvalue>
<choices>
</choices>
</field>
<field>
<name>Identification</name>
<offset>32</offset>
<length>16</length>
<defaultvalue>0</defaultvalue>
<choices>
</choices>
</field>
<field>
<name>R</name>
<offset>48</offset>
<length>1</length>
<defaultvalue>0</defaultvalue>
<choices>
</choices>
</field>
<field>
<name>DF</name>
<offset>48</offset>
<length>1</length>
<defaultvalue>0</defaultvalue>
<choices>
</choices>
</field>
<field>
<name>MF</name>
<offset>50</offset>
<length>1</length>
<defaultvalue>0</defaultvalue>
<choices>
</choices>
</field>
<field>
<name>Fragment Offset</name>
<offset>51</offset>
<length>13</length>
<defaultvalue>0</defaultvalue>
<choices>
</choices>
</field>
<field>
<name>TTL Time to Live</name>
<offset>64</offset>
<length>8</length>
<defaultvalue>0</defaultvalue>
<choices>
</choices>
</field>
<field>
<name>Protocol</name>
<offset>72</offset>
<length>8</length>
<defaultvalue>0</defaultvalue>
<choices>
<choice>
<name>HOPOPT</name>
<value>0</value>
</choice>
<choice>
<name>ICMP</name>
<value>1</value>
</choice>
<choice>
<name>IGAP,IGMP,RGMP</name>
<value>2</value>
</choice>
<choice>
<name>GGP</name>
<value>3</value>
</choice>
<choice>
<name>IP in IP</name>
<value>4</value>
</choice>
<choice>
<name>ST</name>
<value>5</value>
</choice>
<choice>
<name>TCP</name>
<value>6</value>
</choice>
<choice>
<name>UCL,CBT</name>
<value>7</value>
</choice>
<choice>
<name>EGP</name>
<value>8</value>
</choice>
<choice>
<name>IGRP</name>
<value>9</value>
</choice>
<choice>
<name>BBN,RCC</name>
<value>10</value>
</choice>
<choice>
<name>UDP</name>
<value>17</value>
</choice>
</choices>
</field>
<field>
<name>Header checksum</name>
<offset>80</offset>
<length>16</length>
<defaultvalue>0</defaultvalue>
<choices>
</choices>
</field>
<field>
<name>Src_IP address</name>
<offset>96</offset>
<length>32</length>
<defaultvalue>0</defaultvalue>
<choices>
</choices>
</field>
<field>
<name>Dst_IP address</name>
<offset>148</offset>
<length>32</length>
<defaultvalue>0</defaultvalue>
<choices>
</choices>
</field>
<field>
<name>C</name>
<offset>180</offset>
<length>1</length>
<defaultvalue>0</defaultvalue>
<choices>
</choices>
</field>
<field>
<name>Class</name>
<offset>181</offset>
<length>2</length>
<defaultvalue>0</defaultvalue>
<choices>
</choices>
</field>
<field>
<name>Option</name>
<offset>183</offset>
<length>5</length>
<defaultvalue>0</defaultvalue>
<choices>
</choices>
</field>
</fields>
<encapsulation>
<nextproto>TCP</nextproto>
<nextproto>UDP</nextproto>
</encapsulation>
</protocol>