<protocol>
<name>UDP</name>
<layer>3</layer>
<fields>
<field>
<name>adrsrc</name>
<offset>0</offset>
<length>48</length>
<defaultvalue>0</defaultvalue>
<choices>
</choices>
</field>
<field>
<name>adrdst</name>
<offset>48</offset>
<length>48</length>
<defaultvalue>0</defaultvalue>
<choices>
</choices>
</field>
<field>
<name>adrdst</name>
<offset>48</offset>
<length>48</length>
<defaultvalue>0</defaultvalue>
<choices>
</choices>
</field>
<field>
<name>nextprotocol</name>
<offset>48</offset>
<length>8</length>
<defaultvalue>0</defaultvalue>
<choices>
<choice>
<name>video</name>
<value>900</value>
</choice>
<choice>
<name>rip</name>
<value>800</value>
</choice>
</choices>
</field>
</fields>
<encapsulation>
<nextproto>rip</nextproto>
<nextproto>tcp</nextproto>
<nextproto>ee</nextproto>
</encapsulation>
</protocol>